2026-08-09T19:00:30.225252151Z	baseline	kubectl --context kind-microtodo-gitops-pilot -n microtodo-local port-forward service/auth-api 18005:8000
2026-08-09T19:00:32.241791585Z	rollback-change	git add apps/auth-api/overlays/local/kustomization.yaml
2026-08-09T19:00:32.247677592Z	rollback-change	git commit -m test(pilot): exercise auth-api git revert
2026-08-09T19:00:32.261394589Z	rollback-change	git push origin main
2026-08-09T19:05:28.981333698Z	change	kubectl --context kind-microtodo-gitops-pilot -n microtodo-local port-forward service/auth-api 18005:8000
2026-08-09T19:05:31.11846113Z	rollback-revert	git revert --no-edit 82ac4c020c23710076af671861553a46c46bbe1a
2026-08-09T19:05:31.25779811Z	rollback-revert	git push origin main
2026-08-09T19:06:04.616373379Z	revert	kubectl --context kind-microtodo-gitops-pilot -n microtodo-local port-forward service/auth-api 18005:8000
2026-08-09T19:06:06.727432737Z	self-heal-drift-injection	kubectl --context kind-microtodo-gitops-pilot -n microtodo-local scale deployment/auth-api --replicas=2 -o json
2026-08-09T19:06:09.791173157Z	self-heal	kubectl --context kind-microtodo-gitops-pilot -n microtodo-local port-forward service/auth-api 18005:8000
